{"stats":{"minecraft:mined":{"minecraft:jungle_leaves":1,"minecraft:jungle_log":5},"minecraft:picked_up":{"minecraft:stick":2,"minecraft:jungle_sapling":1,"minecraft:jungle_log":5},"minecraft:crafted":{"minecraft:air":16,"minecraft:jungle_planks":4},"minecraft:custom":{"minecraft:jump":44,"minecraft:time_since_rest":4271,"minecraft:sprint_one_cm":444,"minecraft:crouch_one_cm":1,"minecraft:damage_taken":10,"minecraft:play_time":4271,"minecraft:time_since_death":4271,"minecraft:walk_one_cm":9432,"minecraft:sneak_time":3,"minecraft:climb_one_cm":28,"minecraft:total_world_time":4271,"minecraft:fall_one_cm":1008,"minecraft:fly_one_cm":351}},"DataVersion":3465}