{"stats":{"minecraft:mined":{"minecraft:oak_log":21,"minecraft:vine":1,"minecraft:jungle_log":15,"minecraft:jungle_leaves":1},"minecraft:used":{"minecraft:wooden_axe":30,"minecraft:crafting_table":1},"minecraft:picked_up":{"minecraft:stick":9,"minecraft:apple":2,"minecraft:jungle_log":15,"minecraft:oak_log":20,"minecraft:jungle_sapling":1,"minecraft:oak_sapling":13},"minecraft:crafted":{"minecraft:crafting_table":1,"minecraft:stick":4,"minecraft:wooden_pickaxe":1,"minecraft:air":28,"minecraft:jungle_planks":11,"minecraft:wooden_axe":1},"minecraft:custom":{"minecraft:time_since_rest":5631,"minecraft:crouch_one_cm":1,"minecraft:play_time":16195,"minecraft:sprint_one_cm":8180,"minecraft:deaths":1,"minecraft:damage_taken":250,"minecraft:walk_one_cm":76316,"minecraft:sneak_time":3,"minecraft:jump":411,"minecraft:leave_game":2,"minecraft:time_since_death":5607,"minecraft:climb_one_cm":1578,"minecraft:total_world_time":16195,"minecraft:interact_with_crafting_table":2,"minecraft:fall_one_cm":8098,"minecraft:fly_one_cm":12532}},"DataVersion":3465}