{"stats":{"minecraft:crafted":{"minecraft:crafting_table":1,"minecraft:oak_planks":3,"minecraft:air":13},"minecraft:picked_up":{"minecraft:oak_log":3,"minecraft:wheat_seeds":1},"minecraft:custom":{"minecraft:jump":13,"minecraft:time_since_rest":8645,"minecraft:sprint_one_cm":603,"minecraft:leave_game":1,"minecraft:play_time":8645,"minecraft:time_since_death":8645,"minecraft:walk_one_cm":10355,"minecraft:sneak_time":22,"minecraft:total_world_time":8645,"minecraft:interact_with_crafting_table":1,"minecraft:fly_one_cm":180},"minecraft:used":{"alexsmobs:animal_dictionary":1,"minecraft:crafting_table":1},"minecraft:mined":{"minecraft:grass":1,"minecraft:oak_log":3}},"DataVersion":3465}