{"stats":{"minecraft:mined":{"minecraft:jungle_leaves":1,"minecraft:jungle_log":5},"minecraft:picked_up":{"minecraft:stick":2,"minecraft:jungle_sapling":1,"minecraft:jungle_log":5},"minecraft:crafted":{"minecraft:air":20,"minecraft:jungle_planks":5},"minecraft:custom":{"minecraft:jump":325,"minecraft:time_since_rest":2308,"minecraft:leave_game":1,"minecraft:deaths":1,"minecraft:sprint_one_cm":8180,"minecraft:crouch_one_cm":1,"minecraft:damage_taken":250,"minecraft:play_time":12872,"minecraft:time_since_death":2284,"minecraft:walk_one_cm":57122,"minecraft:sneak_time":3,"minecraft:climb_one_cm":1135,"minecraft:total_world_time":12872,"minecraft:fall_one_cm":6786,"minecraft:fly_one_cm":12425}},"DataVersion":3465}