{"stats":{"minecraft:crafted":{"immersive_armors:wooden_boots":1,"minecraft:oak_planks":7,"minecraft:crafting_table":1,"minecraft:stick":4,"minecraft:wooden_pickaxe":1,"shieldexp:wooden_shield":1,"minecraft:stone_pickaxe":1,"minecraft:wooden_axe":2,"minecraft:stone_sword":1,"immersive_armors:wooden_leggings":1,"immersive_armors:wooden_helmet":1,"minecraft:birch_planks":24,"minecraft:stone_axe":1,"minecraft:air":13,"immersive_armors:wooden_chestplate":1},"minecraft:broken":{"minecraft:wooden_axe":1},"minecraft:picked_up":{"minecraft:birch_log":6,"minecraft:stick":18,"minecraft:crafting_table":1,"ecologics:coconut_slice":4,"minecraft:oak_log":84,"minecraft:dirt":9,"minecraft:apple":4,"minecraft:wheat_seeds":1,"minecraft:oak_sapling":13,"minecraft:birch_sapling":2,"ecologics:crab_claw":1,"minecraft:cobblestone":34},"minecraft:custom":{"minecraft:time_since_rest":20645,"minecraft:sprint_one_cm":2931,"minecraft:damage_taken":23,"minecraft:walk_one_cm":60382,"minecraft:mob_kills":1,"minecraft:damage_dealt":201,"minecraft:interact_with_crafting_table":11,"minecraft:fly_one_cm":2263,"minecraft:play_time":20645,"minecraft:sneak_time":28,"minecraft:jump":84,"minecraft:leave_game":1,"minecraft:time_since_death":20645,"minecraft:total_world_time":20645,"minecraft:climb_one_cm":214,"minecraft:fall_one_cm":687},"minecraft:used":{"minecraft:wooden_axe":85,"minecraft:apple":1,"minecraft:stone_pickaxe":20,"minecraft:wooden_pickaxe":14,"minecraft:stone_axe":24,"minecraft:stick":2,"minecraft:cobblestone":3,"minecraft:crafting_table":1,"alexsmobs:animal_dictionary":1},"minecraft:killed":{"ecologics:coconut_crab":1},"minecraft:mined":{"minecraft:birch_log":6,"minecraft:crafting_table":1,"minecraft:grass":6,"minecraft:grass_block":3,"supplementaries:stick":2,"minecraft:oak_log":93,"minecraft:dirt":6,"minecraft:stone":34}},"DataVersion":3465}