{
  "alexsmobs:alexsmobs/root": {
    "criteria": {
      "useitem": "2024-11-18 06:31:59 +0000"
    },
    "done": true
  },
  "minecraft:recipes/decorations/crafting_table": {
    "criteria": {
      "unlock_right_away": "2024-11-18 06:31:48 +0000"
    },
    "done": true
  },
  "mowziesmobs:root": {
    "criteria": {
      "custom_test_name": "2024-11-18 06:31:48 +0000"
    },
    "done": true
  },
  "minecraft:husbandry/root": {
    "criteria": {
      "consumed_item": "2024-11-18 06:31:59 +0000"
    },
    "done": true
  },
  "farmersdelight:main/root": {
    "criteria": {
      "seeds": "2024-11-18 06:31:26 +0000"
    },
    "done": true
  },
  "minecraft:adventure/adventuring_time": {
    "criteria": {
      "minecraft:bamboo_jungle": "2024-11-18 06:31:49 +0000",
      "minecraft:sparse_jungle": "2024-11-18 06:32:31 +0000"
    },
    "done": false
  },
  "DataVersion": 3465
}